Tamil,Botanical
aakaasagarudan,Corallocarpus epigaea
aanai sundaikkai,Solanum erianthum
aangaaravalli,Spilanthes calva
achi,Oroxylum indicum
adagam,Aristolochia indica
adai-otti,Pupalia lappacea
adalai,Jatropha gossypifolia
adalai,Jatropha glandulifera
adamarudu,Bridelia retusa
adathodai,Justicia adhatoda
adathodai,Adhatoda vasica
adatoda,Justicia adhatoda
adicharanam,Crateva nurvala
adondai,Capparis zeylanica
adukkumattai,Datura fastuosa
adukkunandiyavattai,Tabernaemontana divaricata
agil,Chukrasia tabularis
ainkolam,Alangium salviifolium
aivanam,Lawsonia inermis
aivani,Lawsonia inermis
akayat-tamarai,Pistia stratiotes
akkini,Plumbago indica
akku,Dillenia indica
al,Ficus benghalensis
alam panei,Arenga wightii
alamaram,Ficus benghalensis
alampamaram,Canthium dicoccum
alampanai,Arenga wightii
alari,Nerium odorum
alari,Nerium indicum
alincil,Alangium salviifolium
alli,Nymphaea pubescens
allitamarai,Nymphaea lotus
allittamarai,Nymphaea nouchali
al-vallik-kizhangu,Manihot utilissima
amalai,Allophylus serratus
amanakku,Ricinus communis
amaum patcheh arisee,Euphorbia pilulifera
ambal,Nelumbo nucifera
ambu,Stereospermum colais
amman paccarici,Euphorbia hirta
ampal,Nymphaea lotus
amukkara,Withania somnifera
amukkira,Withania somnifera
anaiccuntai2,Solanum ferox
anaichorian,Laportea crenulata
anaikarai,Lannea coromandelica
anainar,Sterculia villosa
anam,Glycosmis cochinchinensis
anam,Glycosmis arborea
anapendu,Gnetum ula
anashap-pazham,Ananas comosus
anashovadi,Elephantopus scaber
anattuccivan,Elephantopus scaber
andimangottai,Anacardium occidentale
andimiriam,Carallia brachiata
angaravalli,Clerodendrum serratum
angaravalli,Spilanthes calva
aninuna,Annona reticulata
annaci,Ananas sativus
appakkoti,Ageratum conyzoides
appatta,Cissampelos pareira
arali,Nerium indicum
arali,Nerium odorum
arani,Premna integrifolia
araniya kulattikai,Teramnus labialis
arasu,Ficus religiosa
arattai,Alpinia galanga
arattam,Anthocephalus cadamba
arippu,Lantana camara
arruccancalai,Hydnocarpus alpina
arruppancu,Murraya paniculata
arruvanci,Humboldtia vahliana
arugampul,Cynodon dactylon
arukampul,Cynodon dactylon
arunelli,Garuga pinnata
aruruttukkilangu,Maranta arundinacea
aruvada,Ruta chalepensis
arvada,Ruta chalepensis
arvada,Ruta graveolens
arvata,Ruta graveolens
asoka,Saraca asoca
asoka pattai,Saraca asoca
assothi,Polyalthia longifolia
asvattam,Ficus religiosa
atalari,Polygonum glabrum
atatotai,Adhatoda vasica
atatotai,Adhatoda zeylanica
athiballachedi,Sida retusa
atontai,Capparis zeylanica
atrupalai,Salix tetrasperma
atta,Annona squamosa
attam,Boswellia serrata
atthi,Ficus racemosa
atti,Bauhinia racemosa
atti,Ficus glomerata
atti,Ficus racemosa
attuccankilai,Hydnocarpus alpina
attukkal,Ipomoea pes-caprae
attupuntu,Croton bonplandianum
atukkunantiyarvattai,Tabernaemontana divaricata
atutintappalai,Aristolochia bracteata
auvaiyar kundal,Merremia tridentata
avali,Holoptelea integrifolia
avarai,Cassia auriculata
avarai,Dolichos lablab
avaram,Cassia auriculata
avibattam,Pavonia odorata
avuri,Indigofera tinctoria
aya,Holoptelea integrifolia
ayma,Careya arborea
babassa,Hydrocotyle asiatica
boomi sallaraikilangu,Amorphophallus campanulatus
caat aralie,Cerbera manghas
caat mogungie vayr,Hedysarium sennoides
cakini3,Amaranthus paniculatus
cakkaravartti-k-kirai,Ipomoea reptans
calipippili,Sphenoclea zeylanica
campai,Syzygium jambos
campal pucani,Cucurbita pepo
campalam,Citrus medica
campanki,Michelia champaca
campiram,Citrus medica
cankankuppi,Clerodendrum inerme
canni nayakam,Vernonia anthelmintica
canpakam,Michelia champaca
cantanam,Santalum album
capja,Ocimum basilicum
cappotta,Manilkara zapota
caranai,Trianthema decandra
carkkarai valli,Ipomoea batatas
carkkaraipparanki,Cucurbita maxima
carumam,Bacopa monnieri
cataicciver,Polycarpaea corymbosa
catakkinam,Blumea lacera
catavari,Asparagus racemosus
catikkay,Myristica fragrans
catti caranai,Trianthema decandra
cattuvakku,Walsura trifolia
caturakkalli,Euphorbia antiquorum
cavukku,Casuarina equisetifolia
cayacutani,Rungia repens
cemmulli,Barleria prionitis
cemparattai,Hibiscus rosa-sinensis
cempu,Colocasia esculenta
cempuvam,Dimocarpus longan
cempuvan#,Dimocarpus longan
cencantam,Pterocarpus santalinus
cencantanam,Pterocarpus santalinus
cenkatampu,Barringtonia acutangula
cenkilanelli,Phyllanthus urinaria
cenkottai,Semecarpus anacardium
cenkurinci@,Gluta travancorica
ceppankilanku,Arum colocasia
ceppu-neruncil,Indigofera enneaphylla
cerikkirai,Amaranthus tricolor
ceruppatai,Glinus lotoides
ceruppatai,Coldenia procumbens
ceruppati,Glinus lotoides
ceti,Exacum bicolor
cetippuvaracu,Trewia nudiflora
cevvarakupul,Chloris barbata
chandanam,Santalum album
charalu,Scolopia crenata
chembu,Arum colocasia
chenangi,Lagerstroemia parviflora
chinnamman paccharisi,Euphorbia rosea
chirukila,Carissa spinarum
chokkala,Aglaia elaeagnoidea
chokla,Aglaia elaeagnoidea
chukku,Zingiber officinalis
chukkunari-pillu,Cymbopogon flexuosus
churaimullu,Ziziphus oenoplia
chusai,Ziziphus rugosa
cikkay,Acacia concinna
cilai1,Acacia polyacantha
cilaiyuncil1,Acacia polyacantha
cimai civatai,Convolvulus turpethum
cimaikkaruvel,Prosopis juliflora
cimaikkiccilikkilanku,Hedychium coronarium
cimaikkonci 1,Murraya paniculata
cimaikkonci 2,Murraya exotica
cimaiyiluppai,Manilkara zapota
cinnanci,Lagerstroemia parviflora
cinnappukkottaikkarantai,Grangea maderaspatana
cinni,Acalypha fruticosa
cintil,Tinospora cordifolia
cirakam,Cuminum cyminum
ciriyanankai,Polygala chinensis
cirramutti,Pavonia zeylanica
cirrelam,Elettaria cardamomum
ciru ceruppati,Mollugo lotioides
ciru kirai,Amaranthus gangeticus
ciru punai-k-kali,Passiflora foetida
ciruceruppati,Mollugo lotioides
cirukatalati,Cyathula prostrata
cirukilanelli,Phyllanthus urinaria
cirukirai,Amaranthus gangeticus
cirukottai-p-paruppu,Epaltes divaricata
cirunakappu,Mesua ferrea
cirunaralai,Ampelocissus tomentosa
cirunaralai@,Ampelocissus tomentosa
cirupacalai,Portulaca quadrifida
cirupalatai,Zornia diphylla
cirupilai,Aerva lanata
cirupullati,Hedysarum gangeticum
cirutali,Ipomoea obscura
cirutekku,Clerodendrum serratum
cittirap-palatai,Euphorbia pilulifera
civanar vempu,Indigofera aspalathoides
civappu nayuruvi,Cyathula prostrata
civatai,Ipomoea turpethum
ciyakkay,Acacia concinna
cokkalai,Aglaia roxburghiana
coracakkicceti,Ruellia prostrata
cottaikkala,Flacourtia indica
covannamilpori#,Rauvolfia serpentina
culliver,Anagallis arvensis
culuntukorai,Ixora pavetta
cuntai,Solanum verbascifolium
cuntai,Solanum torvum
cuppiracaram,Cuscuta reflexa
curappattiri,Knema attenuata
curiya pattiri,Knema attenuata
curiyakantam,Helianthus annuus
curiyakanti,Helianthus annuus
curulpattai,Ventilago madraspatana
cututuratticceti,Euphorbia hirta
cuvanamilpoti,Rauvolfia serpentina
cuyakaritakanaci,Enicostema axillare
dharbusini,Citrullus lanatus
dhupam,Boswellia glabra
dhup-maram,Vateria malabarica
dhup-maram,Vateria indica
edakula,Vitis pedata
el,Sesamum indicum
elam,Elettaria cardamomum
eliccevi,Cuscuta reflexa
elilaippalai,Alstonia scholaris
eliyamanakku,Jatropha curcas
ellu,Sesamum indicum
eluman,Caralluma umbellata
elumanpuli,Caralluma umbellata
elumiccai,Citrus limon
elumichai,Citrus limon
elumichantulasi,Ocimum gratissimum
erantam,Ricinus communis
erukkalaipalai,Holarrhena antidysenterica
erukkam,Calotropis gigantea
erukku,Calotropis gigantea
erumaikkottan,Cassytha filiformis
etti,Strychnos nux-vomica
gopuram langi,Andrographis echioides
gopuram tangi,Andrographis echioides
icci,Ficus infectoria
icci,Ficus lacor
ichanka,Azima tetracantha
ichhi,Ficus infectoria
ichi,Ficus amplissima
ilaccaki,Mimosa pudica
ilaikalli,Euphorbia nivulia
ilandai,Ziziphus jujuba
ilankaramallikai,Quisqualis indica
ilantai,Ziziphus jujuba
ilapongu,Hopea ponga
ilavam,Ceiba pentandra
ilavangappattai,Cinnamomum macrocarpum
ilavankam,Eugenia caryophyllaea
ilavankappattai,Cinnamomum zeylanicum
ilavu,Ceiba pentandra
ilavu,Bombax ceiba
iluppai,Madhuca longifolia
iluppai,Bassia latifolia
iluppai ennai,Madhuca longifolia
imbooral,Hedyotis puberula
imburuttam,Canthium dicoccum
impural,Oldenlandia umbellata
indu,Acacia caesia
indu,Acacia pennata
inji,Zingiber officinalis
inki maram,Caesalpinia coriaria
inpuraver,Oldenlandia umbellata
intiraputpi,Thunbergia fragrans
EFT>intiri,Ficus talboti
irambarathan,Ficus asperrima
irangun-malli,Quisqualis indica
irankalli,Kalanchoe pinnata
irappala,Artocarpus lakoocha
irattakattutti,Hibiscus abelmoschus
irattiri 1,Ficus tsiela
irenukai,Piper attenuatum
irubulai,Flueggea leucopyrus
irubulai,Securinega leucopyrus
irubulai,Securinega virosa
irukolli,Putranjiva roxburghii
irul,Xylia xylocarpa
itti,Ficus tinctoria
itti,Ficus talboti
itti,Dalbergia sissoo
iyvirali,Diplocyclos palmatus
jathikai,Myristica fragrans
jimikipoo,Vicoa indica
kaakittam,Tylophora indica
kaattu seerakam,Centratherum anthelminticum
kaca,Memecylon edule
kaccakkay,Caesalpinia bonducella
kaccakkirai,Hibiscus cannabinus
kaccappatta,Pittosporum tetraspermum
kaccolam,Kaempferia galanga
kaccurai,Hibiscus cannabinus
kacholum,Kaempferia galanga
kacukkoti,Alysicarpus monilifer
kadal palai,Argyreia nervosa
kadalai,Melastoma malabathricum
kadali,Lagerstroemia flos-reginae
kadambai,Adina cordifolia
kadappai,Barringtonia acutangula
kaden pullu,Scleria lithosperma
kadichai,Casearia elliptica
kadukkai,Terminalia chebula
kaikeshi,Eclipta alba
kakkai kolli,Anamirta cocculus
kakkai-k-kolli,Anamirta cocculus
kakkanam,Clitoria ternatea
kakkarikkay,Cucumis melo
kakkatan,Argyreia nervosa
kakkattan,Ipomoea nil
kakkattan,Clitoria ternatea
kakoli 2,Casearia tomentosa
kala,Carissa carandas
kalai,Ximenia americana
kalappaikkilangu,Gloriosa superba
kalappalai,Sarcostemma secamone
kalarci,Caesalpinia bonduc
kalarci,Caesalpinia bonducella
kalathi,Ficus tsiela
kal-ichchi,Ficus amplissima
kalichikai,Caesalpinia crista
kalikarai,Randia uliginosa
kalilambili,Ixora notoniana
kaliyacca,Dolichandrone falcata
kaliyana murukkan,Erythrina indica
kallarasu,Ficus arnottiana
kalli,Euphorbia nivulia
kalli,Euphorbia antiquorum
kalli,Euphorbia tirucalli
kallitti 3,Ficus tinctoria
kalluichi,Ficus microcarpa
kallurivi,Ammannia baccifera
kalutaikkali,Trichodesma zeylanicum
kalvalai,Canna indica
kalviricu,Cordia dichotoma
kalvirusu,Cordia myxa
kamala,Mallotus philippensis
kamappu,Cycas circinalis
kambil,Gardenia gummifera
kamblivetti,Symplocos spicata
kambli-vetti,Symplocos cochinchinensis
kambli-vetti,Symplocos cochinchinensis
kampalicceti1,Morus alba
kampili 1,Gardenia resinifera
kamugu,Areca catechu
kanankolai,Commelina benghalensis
kanap-pundu,Exacum pedunculatum
kanap-puntu,Exacum pedunculatum
kanca,Cannabis sativa
kancanamalitam,Cyamopsis tetragonoloba
kancappucceti,Tagetes erecta
kancatam,Commelina benghalensis
kancori,Tragia involucrata
kandal,Rhizophora mucronata
kandudi,Tragia involucrata
kani,Pterocarpus marsupium
kanja,Cannabis sativa
kannikkombu,Aglaia odoratissima
kannikkompu,Aglaia roxburghiana
kannokkikyacceti,Pogostemon heyneanus
kantagomgura,Hibiscus aculeatus
kantal,Gloriosa superba
kantan kattiri,Solanum xanthocarpum
kantankattiri,Solanum xanthocarpum
kantankattiri,Solanum surattense
kantari,Indigofera aspalathoides
kantukasthuri,Abelmoschus moschatus
kapa-vila,Vinca pusilla
kapikottai,Coffea arabica
kapila,Mallotus philippensis
kappi,Coffea arabica
karai,Canthium parviflorum
karai,Diospyros melanoxylon
karai,Elaeocarpus serratus
karaicceti,Canthium parviflorum
karakarunai,Amorphophallus campanulatus
karamanikkay,Gyrocarpus americanus
karamputakkovai,Kedrostis rostrata
karanai,Pavetta indica
karangali,Acacia chundra
karangalli,Acacia catechu
karansuli,Cedrela toona
karantikkonrai,Wagatea spicata
karappan puntu,Lepidagathis cristata
karappanpoondu,Lepidagathis cristata
karikkirai,Portulaca oleracea
karimullai,Jasminum ritchiei
karimulli,Solanum indicum
karimulli,Solanum anguivi
karippan,Eclipta alba
kariveppilai,Murraya koenigii
kar-kovai,Melothria heterophylla
karpooravalli,Anisochilus carnosus
karppuram,Cinnamomum camphora
karppurappul,Cymbopogon citratus
karppuravalli,Anisochilus carnosus
karpuram,Cinnamomum camphora
karpuravalli,Coleus aromaticus
karpuravalli,Coleus amboinicus
karralai,Aloe barbadensis
karramarda,Terminalia alata
kartkilanku,Daucus carota
karu marutha,Terminalia crenulata
karukanni,Clerodendrum infortunatum
karumarudam,Terminalia alata
karumbu,Saccharum officinarum
karumpanai,Borassus flabellifer
karumpayir,Vigna radiata
karumpu,Saccharum officinarum
karunacci,Gendarussa vulgaris
karuncaranai,Sida acuta
karunelli,Kirganelia reticulata
karunelli,Phyllanthus reticulatus
karuneythal,Nymphaea nouchali
karungali,Acacia catechu
karunjurai,Capparis sepiaria
karunkali,Acacia catechu
karunkovai,Cephalandra indica
karunocci,Justicia gendarussa
karunochchi,Gendarussa vulgaris
karunochi,Justicia gendarussa
karuntulaci,Ocimum sanctum
karuntumpai,Sigesbeckia orientalis
karupali,Putranjiva roxburghii
karuppukkadugu,Brassica campestris
karuva,Cinnamomum zeylanicum
karuva,Cinnamomum verum
karuva,Cinnamomum macrocarpum
karuvagai,Albizia odoratissima
karuvakai,Albizia odoratissima
karuvali,Cassine glauca
karuvelam,Acacia nilotica
karuvembu,Garuga pinnata
karuveppilai,Murraya koenigii
karyal,Capparis aphylla
kashlikirai,Hibiscus surattensis
kasturi-manjal,Curcuma aromatica
katalcirai,Ziziphus xylopyrus
kataliranci,Ximenia americana
katampu,Anthocephalus cadamba
katiccai,Casearia tomentosa
katilai,Prunus ceylanica
katinappul,Scleria lithosperma
katir paccai,Pogostemon patchouli
kattaddi,Woodfordia fruticosa
kattamanakku,Jatropha curcas
kattangi,Maytenus emarginata
kattarali,Cerbera manghas
kattari,Solanum melongena
kattatti,Bauhinia tomentosa
kattatti,Ficus hispida
kattel,Sesamum prostratum
kattimullu,Barleria buxifolia
kattu canpakam,Michelia nilagirica
kattu iluppai,Bassia latifolia
kattu kariveppilai,Clausena dentata
kattu kasturi,Hibiscus abelmoschus
kattu p pukaiyilai,Lobelia nicotianifolia
kattu uluntu,Vigna radiata
kattu uzhundu,Teramnus labialis
kattu velvenkayam,Scilla hyacinthina
kattucayaver,Oldenlandia corymbosa
kattu-c-catikkay,Myristica malabarica
kattucceran,Holigarna arnottiana
kattuccirakam,Vernonia anthelmintica
kattucherai,Holigarna arnottiana
kattukkadalai,Osbeckia aspera
kattukkaruvappattai,Cinnamomum iners
kattukkatalai,Osbeckia aspera
kattu-k-katuku,Cleome viscosa
kattu-k-kolinci,Atalantia racemosa
kattukkollu,Cassia absus
kattukkolunci 1,Atalantia racemosa
kattukkonci,Glycosmis arborea
kattu-k-konci,Glycosmis pentaphylla
kattukkoti,Cocculus hirsutus
kattukkumil,Callicarpa tomentosa
kattukodi,Cocculus hirsutus
kattukuntumani,Coix lacryma-jobi
kattumalli,Millingtonia hortensis
kattumalligai,Jasminum angustifolium
kattumullai,Jasminum angustifolium
kattumullangi,Blumea lacera
kattumunkil,Dendrocalamus strictus
kattuperandai,Cayratia pedata
kattuppacceri maram,Drypetes roxburghii
kattuppirandai,Vitis pedata
kattupugaiyilai,Lobelia nicotianifolia
katturi mancal,Curcuma aromatica
kattusikai,Acacia pennata
kattuttumatti,Cucumis trigonus
kattuvakku,Walsura trifolia
kattuvalli,Dioscorea pentaphylla
kattuvalli,Dioscorea bulbifera
kattuvarucham,Dolichandrone falcata
katuki,Solanum verbascifolium
katukkay,Terminalia chebula
katuku,Brassica juncea
kavala-kodi,Dioscorea oppositifolia
kavalam,Sterculia guttata
kavali,Tephrosia purpurea
kavattam pul,Cymbopogon martinii
kavattampul,Andropogon nardus
kavattan-pillu,Cymbopogon martinii
kaviltumpai,Trichodesma indicum
kawili,Sterculia guttata
kaya,Memecylon umbellatum
kayvalli,Dioscorea bulbifera
kazarci,Caesalpinia crista
kazhar-shikkay,Caesalpinia bonduc
kelvaragu,Eleusine coracana
kembumalligai,Ipomoea quamoclit
kevuru,Eleusine indica
kiccili 2,Hedychium coronarium
kila,Carissa carandas
kilavari,Asparagus racemosus
kilukiluppai,Crotalaria retusa
kilukiluppai,Crotalaria verrucosa
kinangu pillu,Ophiuros exaltatus
kirambu,Syzygium aromaticum
kirampu,Syzygium aromaticum
kirampu,Eugenia caryophyllaea
kiranti nayan,Ruellia prostrata
kirippuntu,Ophiorrhiza mungos
kirippurantan,Ophiorrhiza mungos
kirusnakeli,Bougainvillaea spectabilis
kirusnavalli,Hemidesmus indicus
kirutavetanai,Luffa acutangula
kiruttinakeli,Bougainvillaea spectabilis
kitamatti,Cayratia pedata
kizha-nelli,Phyllanthus fraternus
kkattukkalli,Kalanchoe laciniata
kocu vetti,Drosera peltata
kodaga saleh,Justicia repens
kodakkapuli,Garcinia gummi-gutta
kodi arasu,Ficus arnottiana
kodikakkatanvirai,Ipomoea hederacea
kodikkakkattan,Ipomoea hederacea
kodimalli,Jasminum sambac
kodimuli,Plumbago rosea
kodippalai,Wattakaka volubilis
kodi-tamarai,Pistia stratiotes
kodiveli,Plumbago zeylanica
kodivirai,Hugonia mystax
kokkimullu,Capparis sepiaria
koli,Ligustrum perrottetii
koli,Olea dioica
koli mulaiyan,Portulaca pilosa
kolliyam,Pongamia glabra
kollukattai,Cenchrus ciliaris
kolluk-kay-velai,Tephrosia purpurea
kombukkalli,Euphorbia tirucalli
kommatti,Cucumis trigonus
konalilai,Mallotus repandus
konalilal,Mallotus repandus
konchi,Glycosmis pentaphylla
konci,Murraya exotica
konji,Glycosmis cochinchinensis
konnai,Cassia fistula
konrai,Cassia fistula
korai,Cyperus rotundus
korattai,Trichosanthes tricuspidata
korgodi,Ziziphus nummularia
korivi,Ixora arborea
korivi,Ixora parviflora
kostam,Costus speciosus
kotacuri,Rungia repens
koticcittal,Caesalpinia coriaria
DIR=LTR ALIGN=LEFT>kotimuli,Plumbago rosea
kotippunku,Derris scandens
kottai karanthai,Sphaeranthus indicus
kottakkarandai,Sphaeranthus indicus
kottam,Costus speciosus
kottamalli,Coriandrum sativum
kottan,Cassytha filiformis
kottavan,Cardiospermum halicacabum
kottavarai,Cyamopsis tetragonoloba
kottikkorai,Cyperus compressus
kottukkorai,Cyperus compressus
kottumalli,Coriandrum sativum
kottumarikalan,Gardenia latifolia
kotuppai,Alternanthera sessilis
kovai,Coccinia indica
kovai,Coccinia grandis
kovai,Cephalandra indica
kovai ilai,Coccinia indica
kovarakki,Albizia procera
kovindam,Barleria prionitis
koyya,Psidium guajava
kudai vel,Acacia eburnea
kudiyotti,Argemone mexicana
kukai niru,Maranta arundinacea
kulangi,Elaeagnus kologa
kulangi,Elaeagnus conferta
kulanki,Elaeagnus kologa
kulari,Cyanotis cristata
kulari,Elaeagnus conferta
kulattukkulkuratti1,Polygonum barbatum
kullai,Grewia villosa
kullai,Ixora coccinea
kulmunnai,Premna corymbosa
kumalan,Gmelina arborea
kumari,Aloe barbadensis
kumbalm,Glochidion zeylanicum
kumbi,Gardenia resinifera
kumbi,Careya arborea
kumil,Gmelina asiatica
kumil,Gmelina arborea
kumpala,Glochidion zeylanicum
kuncitamiyacceti,Azima tetracantha
kunri,Abrus precatorius
kunrimani,Abrus precatorius
kuntarpanai,Caryota urens
kuppai meni,Acalypha indica
kuppaikkirai,Amaranthus viridis
kuppaimeni,Acalypha indica
kuppaimeni,Acalypha paniculata
kuppi,Clerodendrum inerme
kurakaccinnam,Cinnamomum iners
kurattai,Trichosanthes tricuspidata
kuratti,Curculigo orchioides
kuravaram,Tylophora asthmatica
kurintai,Gymnema sylvestre
kurukkatti,Hiptage benghalensis
kurumulli,Flacourtia indica
kurundu,Atalantia monophylla
kurunthotti,Sida rhombifolia
kurunthotti,Sida veronicifolia
kuruver,Vetiveria zizanioides
kuruvilatcumi,Ipomoea obscura
kuruvinci 2,Carmona retusa
kutacappalai,Holarrhena antidysenterica
kutai velam,Acacia eburnea
kutampai,Lantana indica
kutapaci,Utricularia stellaris
kutavayam,Physalis peruviana
kutirai kulampati,Cyanotis cristata
kutiraippijan,Echinops echinatus
kutiraippisanmaram,Echinops echinatus
kutiyotti,Argemone mexicana
kuttiram,Crotalaria juncea
kuttu,Crotalaria juncea
kuvalayam 1,Nymphaea pubescens
kuvilam,Aegle marmelos
llavangam,Cinnamomum verum
lolekam,Basilicum polystachyon
ma,Mangifera indica
maavilangam,Crateva magna
machipatchai,Artemisia indica
machipattiri,Artemisia indica
macippaccopitam,Millingtonia hortensis
macippattiri,Artemisia vulgaris
madavi,Hiptage benghalensis
madukarei,Catunaregum spinosa
madu-karei,Randia spinosa
magavilvam,Limonia crenulata
magilam,Mimusops elengi
magizh,Mimusops elengi
makili-k-kirai,Celosia argentea
makki,Garcinia morella
makkimaram,Garcinia morella
makutavattimaram,Bauhinia malabarica
malai-ichchi,Ficus lacor
malaima,Commiphora caudata
malaippuliccai,Hibiscus furcatus
malaitanki,Cyclea peltata
malaivembu,Melia composita
malaivembu,Melia azedarach
malaivempu,Melia azedarach
malaiverrilai,Carmona retusa
malaiyavaram@,Cassia hirsuta
malaiyavirai,Cassia hirsuta
malaiyichi,Ficus microcarpa
malapparutti,Firmiana colorata
malligai,Jasminum sambac
mamaram,Mangifera indica
manakkarai,Meyna laxiflora
manalikkirai,Gisekia pharnaceoides
manathakkali,Solanum nigrum
manattakkali,Solanum nigrum
manatukkurntu,Cadaba indica
mancal,Curcuma longa
mancal katampu,Adina cordifolia
mancalmullanki,Daucus carota
mancatkonrai,Cassia siamea
mancitti,Rubia cordifolia
mandarai,Bauhinia purpurea
manilayatta,Annona reticulata
manippiran,Leea sambucina
manippirantai,Leea sambucina
manipudbam,Ardisia solanacea
maniyamanakkucceti,Baliospermum montanum
manjadi,Adenanthera pavonina
manjal,Curcuma longa
manjal karisaali,Wedelia chinensis
manjalkarilamkanni,Wedelia chinensis
manjanatti,Morinda citrifolia
manjigai,Ipomoea sepiaria
manjitti,Rubia cordifolia
manmadabanam,Jasminum grandiflorum
manoranjitham,Artabotrys hexapetalus
mantarai,Bauhinia purpurea
mantiravanci,Bixa orellana
marai-yirdiyam,Mallotus rhamnifolius
marhe-matta,Xanthium strumarium
marima,Spondias pinnata
marivalam,Randia spinosa
maroodanie,Lawsonia spinosa
marukkarai,Randia dumetorum
marul,Sansevieria roxburghiana
marul-umathan,Xanthium strumarium
maruluvikam@,Luffa acutangula
maruthu,Terminalia arjuna
marutu,Terminalia arjuna
masamathi,Lepisanthes tetraphylla
masathekku,Premna tomentosa
masaveppu,Melia composita
matthi,Terminalia tomentosa
matukkarai,Randia dumetorum
matulai,Punica granatum
matulam,Punica granatum
matupakku,Coccinia grandis
mavilangai,Crateva nurvala
mavulatikacceti,Wedelia calendulacea
mayil konrai,Delonix regia
mayilainochi,Vitex altissima
mayilati#,Debregeasia longifolia
mayilatinocci,Vitex altissima
mayilkonnai,Caesalpinia pulcherrima
mayilmannikkam,Ipomoea quamoclit
mayir manikkam,Sida spinosa
mayirkonrai,Caesalpinia pulcherrima
mayir-mamkkam,Sida spinosa
mayirmanikkam,Sida veronicifolia
medday keerai,Asystasia coromandeliana
melanelli,Phyllanthus maderaspatensis
melukupirkku,Luffa cylindrica
mikkuvam,Terminalia tomentosa
milachityan,Bischofia javanica
milagai,Capsicum annuum
milagaranai,Toddalia aculeata
milagaranai,Toddalia asiatica
milagu,Piper nigrum
milakai,Capsicum annuum
milakaranai,Toddalia asiatica
milakaranai,Toddalia aculeata
milaku,Piper nigrum
minnargodi,Calycopteris floribunda
moccai,Dolichos lablab
modakama,Schefflera venulosa
modama,Buchanania lanzan
molakaranaikkoti,Stephania japonica
mooli,Pterospermum diversifolium
morala,Buchanania lanzan
mosappullu,Leucas indica
mucar katilai,Ludwigia parviflora
mucumucukkai,Mukia scabrella
mucumucukkai,Melothria maderaspatana
mudkondai,Capparis grandis
mukkirattai,Boerhavia diffusa
mukkorrippuntu,Vicoa indica
mukkulik-kirai,Portulaca pilosa
mukkurattai,Boerhavia diffusa
mukkutikorei,Bulbostylis barbata
mulai,Bambusa arundinacea
mulai-k-kirai,Amaranthus paniculatus
mulaippalvirai,Cassia absus
mullai,Jasminum auriculatum
mullai,Jasminum malabaricum
mulli,Solanum indicum
mulli,Hygrophila auriculata
mulli,Solanum anguivi
mullikkirai,Amaranthus spinosus
mullilavu,Bombax malabaricum
mullilavu,Bombax ceiba
mullukkirai,Amaranthus spinosus
mullumurukku,Erythrina variegata
mullutuppai,Ziziphus xylopyrus
mulvengai,Bridelia retusa
mundamah,Buchanania axillaris
munkil,Bambusa arundinacea
munmurunkai,Erythrina variegata
munnai,Premna integrifolia
munnai,Premna serratifolia
munnatimatu,Ziziphus mauritiana
muntiri,Anacardium occidentale
muraiyidam,Boswellia serrata
muratthan,Sterculia villosa
murukku,Erythrina indica
murungai,Moringa pterygosperma
murungai,Moringa oleifera
murunkai,Moringa pterygosperma
murunkai,Moringa oleifera
muruntapali 1,Boswellia serrata
murvam,Sansevieria roxburghiana
musakaparni,Merremia emarginata
musalkathilai,Ludwigia perennis
musarkathilai,Ludwigia parviflora
musumusukkai,Mukia scabrella
musuttai,Rivea hypocrateriformis
mutakkan,Pandanus odoratissimus
mutakkarran,Cardiospermum halicacabum
mutalai@,Sesbania bispinosa
mutankali,Dactyloctenium aegyptium
muttainari,Coleus amboinicus
muttakkacu,Cyperus rotundus
mylekondai,Adiantum incisum
naanal,Saccharum spontaneum
naaval,Syzygium cumini
naga-dali,Opuntia dillenii
nagamughatei,Ipomoea bona-nox
nagandi,Croton tiglium
naiteku,Dillenia pentagyna
naivelai,Gynandropsis pentaphylla
naivelai,Cleome viscosa
nakaiyal 1,Ficus virens
nakamalli,Anagallis arvensis
nal velai,Gynandropsis gynandra
nalakanni,Drosera indica
nali,Aloe vera
nalikam,Ipomoea aquatica
nalini,Spondias pinnata
nallajiluga,Cassia pumila
nalvelai,Cleome gynandra
namai,Anogeissus latifolia
namaviri,Cordia wallichii
nanal,Saccharum spontaneum
nancaruppan,Tylophora indica
nanchundan,Balanites roxburghii
nancuntan,Balanites roxburghii
nangu,Mesua ferrea
nanjaruppan,Tylophora tenuis
nanjundan,Balanites aegyptiaca
nannari,Hemidesmus indicus
nanthia,Tabernaemontana coronaria
nantiyavarttam,Ervatamia coronaria
nantiyavattam,Tabernaemontana coronaria
napikai,Pupalia lappacea
naralai-kodi,Cissus pedata
narielandai,Ziziphus nummularia
narimiratti,Crotalaria verrucosa
narivengayam,Scilla hyacinthina
narivila,Limonia acidissima
narivili@,Cadaba fruticosa
naru,Ailanthus excelsa
naruvalli,Corchorus capsularis
naruvili,Cordia obliqua
naruvili,Cordia dichotoma
narvilli,Cordia gharaf
natcattirakantaki,Ananas sativus
nathai choori,Borreria hispida
nativaricceti,Lantana indica
nattaccarimuli,Cleome icosandra
nattaichuri,Borreria hispida
nattakkarottu,Aleurites moluccana
nattuccenkottai,Semecarpus travancorica
nattu-vadam,Terminalia catappa
nattuvadumai,Terminalia catappa
nattuvariyal,Secamone emetica
naval,Syzygium cumini
navamallikkirai,Gisekia pharnaceoides
nay-k-katampu,Hymenodictyon excelsum
naykkumil,Trewia nudiflora
nayurivi,Achyranthes aspera
nayuruvi,Achyranthes aspera
nayvila,Limonia crenulata
nedunar,Polyalthia fragrans
neer moollie vayr,Barleria longifolia
neermulliver,Asteracantha longifolia
nekota,Lepisanthes tetraphylla
nel,Oryza sativa
nela-naringu,Naregamia alata
nelavakai,Cassia senna
nelli,Phyllanthus emblica
nelli,Emblica officinalis
nellikkai,Emblica officinalis
nellu,Oryza sativa
nerunci,Tribulus terrestris
neruncil,Tribulus terrestris
nervalam,Croton tiglium
nettavil,Antiaris toxicaria
nettilinkam,Polyalthia longifolia
neyccitti,Vernonia cinerea
neykkottai,Harpullia arborea
neykkottan1,Harpullia arborea
niculam,Mitragyna parvifolia
nila thuthi,Sida cordifolia
nilaambari,Ecbolium viride
nilaccurunki,Biophytum sensitivum
nilaisedachi,Polycarpaea corymbosa
nilakkatalai,Arachis hypogaea
nilakkoti,Monochoria vaginalis
nilakkumil,Gmelina asiatica
nilakkuntal,Merremia emarginata
nilambari,Ecbolium viride
nilambari,Ecbolium linneanum
nilamparam2,Barleria cristata
nilamulli,Eranthemum roseum
nilanaragam,Naregamia alata
nilappanai,Curculigo orchioides
nilappucani,Ipomoea digitata
nilatutti,Sida cordifolia
nilavakai,Cassia angustifolia
nilavarai,Cassia angustifolia
nilavembu,Andrographis paniculata
nilavempu,Andrographis paniculata
nilavirai,Cassia senna
nili,Indigofera tinctoria
nintavalli,Naravelia zeylanica
niralari,Polygonum barbatum
nirkadambai,Mitragyna parvifolia
nirkkuliri,Ottelia alismoides
nirmuli,Hygrophila auriculata
nirmulli,Asteracantha longifolia
nirnocci,Vitex trifolia
nir-nochi,Vitex trifolia
nirpalai,Kirganelia reticulata
nirpparutti,Hibiscus tiliaceus
nirppul,Phyllanthus reticulatus
nirumelneruppu,Ammannia baccifera
nitiktika 2,Solanum surattense
nittinaviralkurittan,Dipteracanthus patulus
nittiyakalyani,Vinca rosea
niyakku,Leea indica
nocci,Vitex negundo
nochi,Vitex negundo
nonnanampullu,Hedyotis herbacea
norivila,Feronia limonia
nuna,Morinda coreia
nuna,Morinda citrifolia
odangod,Reissantia indica
odugu,Cleistanthus collinus
oduppai,Cleistanthus collinus
omavalli,Coleus aromaticus
opa,Salvadora persica
orilaittamarai,Hybanthus enneaspermus
orupanankaicceti,Polygala arvensis
ottanali,Leea indica
ottatti,Urena lobata
ottu,Viscum articulatum
ottuttutti,Urena lobata
paal kodi,Cryptolepis buchananii
paccai alari,Thevetia neriifolia
paccappayaru,Vigna radiata
padalakkonai,Ochna obtusata
painkorai,Ixora pavetta
paintilikakkoti,Solanum giganteum
pakal,Momordica charantia
pakku,Areca catechu
pakli,Ocimum canum
pal valli,Ichnocarpus frutescens
palacu,Butea frondosa
palacu,Butea monosperma
palai,Wrightia arborea
palaikkirai,Holostemma ada-kodien
palaikkodi,Leptadenia reticulata
palakudai,Leptadenia reticulata
palamunnipalai,Alstonia venenata
palasu,Butea frondosa
palasu,Butea monosperma
palavu,Artocarpus heterophyllus
palcorrikikirai,Jasminum cuspidatum
paliakiri,Oxalis corniculata
palinkiam,Ocimum canum
paliya,Ochna obtusata
palkoti,Cryptolepis buchananii
pallavaparunicceti,Ziziphus mauritiana
palmotikkay,Ipomoea digitata
palupakarkoti,Momordica dioica
palupalagakalungai,Momordica dioica
pamatuva,Adhatoda zeylanica
pampumoccai,Dolichos falcatus
pana,Oroxylum indicum
panai,Borassus flabellifer
panankovai,Kedrostis rostrata
pankampalai,Aristolochia bracteata
pankatavikakkoti,Trichodesma indicum
pannai keerai,Celosia argentea
pannai keerai,Celosia cristata
pantaki@,Colocasia esculenta
pappali,Carica papaya
pappan,Oldenlandia corymbosa
pappayi,Carica papaya
pappili,Ventilago madraspatana
paramam,Ficus glomerata
parambai,Prosopis cineraria
paranki@,Cucurbita maxima
parapalanam,Glossocardia bosvallea
parattuvaci@,Hibiscus vitifolius
paravalli,Ichnocarpus frutescens
parcorikkirai,Jasminum cuspidatum
paricatam,Nyctanthes arbor-tristis
parni~,Centella asiatica
parpaatakam,Mollugo cerviana
parpatakam,Mollugo cerviana
paruppukkirai,Chenopodium album
parupukkirai,Chenopodium album
passalaikkirai,Portulaca quadrifida
patadi,Spathodea campanulata
patirimaram,Stereospermum personatum
pattapanku,Myristica dactyloides
pattarashu,Mirabilis jalapa
pattiramatantai,Melothria perpusilla
pattiratci,Mirabilis jalapa
pattiri,Myristica malabarica
pattitai,Ervatamia coronaria
pattuppuccimaram,Morus alba
paval,Momordica charantia
pavalaccarkkaraivalli,Ipomoea batatas
pavalamallikai,Nyctanthes arbor-tristis
pavalappul,Breynia rhamnoides
pavattai,Pavetta indica
payaru,Phaseolus mungo
pechi,Ficus asperrima
peiodal,Gnetum ula
pekankai,Luffa acutangula
pennacikam,Lycopersicon esculentum
pennakicacceti,Lycopersicon esculentum
perambu,Calamus rotang
peramutti,Pavonia odorata
perandai,Cissus quadrangularis
perarattai,Alpinia galanga
perattikkirai,Corchorus olitorius
periyatakkali,Physalis peruviana
periyattalargai,Mucuna monosperma
perum pilai,Aerva tomentosa
perumaram,Ailanthus excelsa
perumaruntu,Aristolochia indica
perumunnai,Premna serratifolia
perunaval,Syzygium jambos
perunaval,Eugenia jambos
perunerunji,Pedalium murex
peru-nerunji,Pedalium murex
perunkanchori,Laportea interrupta
perunkancori,Laportea crenulata
peruntiray,Glinus oppositifolius
peruntulaci,Ocimum gratissimum
peruntumpai,Anisomeles malabarica
peyamanakku,Baliospermum montanum
peyatti,Ficus hispida
peyavirai,Cassia occidentalis
peyicci,Antidesma menasu
peymarutti,Anisomeles malabarica
peymati#,Xanthium indicum
peyppalai,Tylophora asthmatica
peyt-tumatti,Citrullus colocynthis
picci,Jasminum grandiflorum
picinottarai,Cynoglossum zeylanicum
pila,Artocarpus heterophyllus
piluka,Cadaba fruticosa
pinari 2,Vinca rosea
pinicampokkicceti,Cleome icosandra
pinnai,Calophyllum inophyllum
pinnai 1,Dillenia pentagyna
pira,Streblus asper
pirakatti,Xanthium indicum
pirami,Bacopa monnieri
pirantai,Cissus quadrangularis
piratti-kirai,Corchorus capsularis
piray,Streblus asper
pirkku,Luffa acutangula
pitani 3,Pseudarthria viscida
pitani#,Pseudarthria viscida
pittaru,Erythroxylum monogynum
pittumpai,Indoneesiella echioides
podaganari,Premna tomentosa
poduthalai,Phyla nodiflora
poduthalai,Lippia nodiflora
pon mucuttai,Sida acuta
ponavarai,Cassia sophera
ponka,Pongamia pinnata
ponmucuttai,Cyclea peltata
ponmucuttai,Cissampelos pareira
ponnamikkonnai,Cassia glauca
ponnankanic cakkalatti,Hydrolea zeylanica
ponnankanni,Alternanthera sessilis
ponnavirai,Cassia occidentalis
ponnavirai,Cassia sophera
ponniraicci,Wedelia calendulacea
pontukapirkku,Luffa cylindrica
poonaykali,Mucuna pruriens
poonthazham pazham,Ananas comosus
potti,Clausena dentata
potu-gally-gista,Crotalaria retusa
potutalai,Phyla nodiflora
potutalai,Lippia nodiflora
pucani,Cucurbita pepo
pucha,Sapindus emarginatus
puchedi,Lantana camara
pugaiyilai,Nicotiana tabacum
pukaiyilai,Nicotiana tabacum
pula,Securinega virosa
pula,Flueggea virosa
pulavai,Terminalia paniculata
puli,Tamarindus indica
pulichevidu,Ipomoea eriocarpa
pulikkirai,Portulaca oleracea
pulittotariver,Scutia indica
pulivanci,Solena amplexicaulis
pulivanji,Solena amplexicaulis
puliyamaram,Tamarindus indica
puliyarai,Oxalis corniculata
puliyukir,Wagatea spicata
pulladi,Hedysarum gangeticum
pulladi,Desmodium gangeticum
pullati,Desmodium gangeticum
pulluri,Dendrophthoe falcata
pulluri,Loranthus elasticus
pulluruvi,Loranthus longiflorus
pulluruvi,Dendrophthoe falcata
punaccippul,Coix lacryma-jobi
punaikkaivetlai,Tephrosia villosa
punaikkali,Mucuna pruriens
punaikkali 2,Tephrosia hirta
punaikkirai,Ipomoea pes-tigridis
punaikkirai 2,Tephrosia hirta
pungam,Derris indica
punganchedi,Ligustrum perrottetii
pungarei,Catunaregum spinosa
punku,Pongamia glabra
punku,Pongamia pinnata
punnai,Calophyllum inophyllum
puntu,Allium sativum
puparippayaru,Phaseolus radiatus
purani,Bombax malabaricum
puritayacceti,Physalis minima
puritayam,Physalis minima
purkorai,Cyperus stoloniferous
putikastakkirai,Hibiscus sabdariffa
puvalai,Canna indica
puvamkottai,Sapindus emarginatus
puvaracu,Thespesia populnea
puvarasu,Thespesia populnea
ragi,Eleusine coracana
ranakalli,Kalanchoe laciniata
ranaperi,Leonotis nepetaefolia
renukam,Piper attenuatum
rutanti,Drosera indica
sahadevi,Vernonia cinerea
sambu,Typha angustata
sambunagai,Eugenia jambos
sanal,Corchorus olitorius
sangattanmarattubulluruvi,Loranthus falcatus
sarkareivalli,Ipomoea reptans
savattuchedi,Cipadessa baccifera
saya,Hedyotis umbellata
seenthil,Tinospora cordifolia
segappu arali,Plumeria rubra
segappumanchori,Bauhinia variegata
segappumandrai,Bauhinia variegata
sellakkodi,Aganosma cymosa
selluppaimaram,Cassine glauca
semmaram,Amoora rohituka
semparuthi,Hibiscus rosa-sinensis
sengoyya,Psidium guajava
senkoduveri,Plumbago indica
seppunerinji,Rotula aquatica
seruppadai,Coldenia procumbens
sharunnai,Trianthema portulacastrum
shavalai,Trianthema portulacastrum
shenkottai,Semecarpus anacardium
shiragam,Cuminum cyminum
shivadai,Ipomoea turpethum
sidam,Cordia wallichii
simaiyatti,Ficus carica
sinnappalai,Alstonia venenata
siridam,Albizia lebbeck
sirikki,Ipomoea nil
sirukila,Carissa spinarum
sirukurinjan,Gymnema sylvestre
sirunaralai,Vitis tomentosa
sirupeelai,Aerva lanata
siruthuthi,Sida rhomboidea
sissoo,Dalbergia sissoo
sitapalam,Annona squamosa
sittilai,Err:509
sittreechu,Phoenix loureirii
sivalingakkay,Diplocyclos palmatus
sivanarvembu,Justicia tranquebariensis
sivappu vasalakkirai,Basella alba
sodi,Dactyloctenium aegyptium
sokkalai,Aglaia odoratissima
sombupattai,Soymida febrifuga
sorakkai,Lagenaria siceraria
sorkili,Chionanthus mala-elengi
sothu alagu pillu,Ophiuros exaltatus
sukkunari-pillu,Cymbopogon flexuosus
sulundu,Ixora parviflora
sundaikkirai,Neptunia oleracea
sunta,Solanum erianthum
suraikai,Lagenaria siceraria
suraimullu,Ziziphus oenoplia
surul,Ventilago denticulata
swarna-patti,Tecoma stans
tagarai,Cassia tora
taivelai,Cleome felina
takanam,Prosopis spicigera
takkali,Lycopersicon lycopersicum
talai,Pandanus odoratissimus
talappam,Corypha umbraculifera
talari,Shorea roxburghii
talikkirai,Ipomoea sepiaria
talippanai,Caryota urens
talippanai,Corypha umbraculifera
talura,Shorea roxburghii
talutalai,Clerodendrum phlomidis
tamarai,Nelumbo nucifera
tamarai,Nelumbium speciosum
tamida,Eleusine aegyptia
tanikkay,Terminalia bellirica
tankacci,Monochoria vaginalis
tankarali2,Tecoma stans
tanki 2,Indoneesiella echioides
tanri,Terminalia bellirica
taram 2,Hibiscus sabdariffa
taruni,Spermacoce hispida
tatam#,Musa paradisiaca
tatta,Loranthus longiflorus
tattava,Secamone emetica
tazhai,Pandanus fascicularis
tekku,Tectona grandis
tempuram,Macaranga indica
tenai,Setaria italica
tenatti,Ficus carica
tenkitacceti,Heliotropium indicum
tennai,Setaria italica
teppam,Gyrocarpus americanus
terran kottai,Strychnos potatorum
tetkotukki,Heliotropium indicum
tettankottai,Strychnos potatorum
teyilai,Camellia sinensis
thagarai,Cassia tora
thakkali,Lycopersicon lycopersicum
thamarai,Nelumbium speciosum
thandukkeerai,Amaranthus tricolor
thanneervittan kizhangu,Asparagus gonoclados
thayilai,Camellia sinensis
thazhai,Pandanus fascicularis
thekku,Tectona grandis
thelu-kodi,Mucuna monosperma
therulankodi,Calycopteris floribunda
thillai,Excoecaria agallocha
thippili,Piper longum
thondi,Bischofia javanica
thopparai pullu,Perotis indica
thudappampillu,Aristida setacea
thumbai,Diospyros exsculpta
thumbai,Leucas aspera
thuththi,Abutilon indicum
thuthulai,Solanum trilobatum
tiga sampangi,Artabotrys hexapetalus
tikkamalli,Gardenia gummifera
tilam,Adenanthera pavonina
tillai,Excoecaria agallocha
tinippalavu,Artocarpus lakoocha
tintanali,Biophytum sensitivum
tippili,Piper longum
tiripatakam,Cayratia pedata
tirippanpul,Merremia tridentata
tiritapicam 2,Acacia nilotica
tirunama,Artemisia vulgaris
tirunamappalai,Alstonia scholaris
tirunamappalai,Smilax zeylanica
tirunirruppaccai,Ocimum basilicum
tiruvatci,Thevetia neriifolia
tiruvatti,Bauhinia tomentosa
tiruvilam2,Glinus oppositifolius
toliyakarampai,Spermacoce hispida
toppi,Phyllanthus emblica
toruvattu,Balanites aegyptiaca
tottalvati,Mimosa pudica
tulaci,Ocimum sanctum
tulukkuccevvanti,Tagetes erecta
tumpai,Leucas aspera
tumpili,Diospyros melanoxylon
tunu,Cedrela toona
turapoondu,Mollugo pentaphylla
turatti,Capparis divaricata
turpparigam,Tragia cannabina
turumotpalam,Pterospermum acerifolium
tuttai,Melia azadirachta
tutti,Abutilon indicum
tutuvalai,Solanum trilobatum
tuvarai,Cajanus cajan
uchi,Loranthus falcatus
uchippalai,Oxystelma esculentum
ucippalai,Oxystelma esculentum
ucippul,Heteropogon contortus
ucittakarai,Sonchus oleraceus
ucivelai,Cleome monophylla
udalai,Jatropha glandulifera
udamulli,Barleria cristata
udappu,Ixora nigricans
udi,Lannea coromandelica
uka,Salvadora persica
ukam,Aristida setacea
ukaramaram,Delonix regia
ulankarai,Elaeocarpus serratus
uluntu,Phaseolus mungo
uluntu,Phaseolus radiatus
umattai,Datura stramonium
unnakanankoti,Ipomoea staphylina
unnayanankoti,Ipomoea staphylina
unnu,Grewia tiliifolia
unu,Grewia tiliifolia
usimalligai,Jasminum auriculatum
usippalai,Sarcostemma secamone
uttamani,Pergularia daemia
uttamani,Daemia extensa
uva,Dillenia indica
vaaluluvai,Celastrus paniculatus
vacampu,Acorus calamus
vadamalaichekku,Soymida febrifuga
vagai,Albizia lebbeck
vaimari,Chloroxylon swietenia
vaivilangam,Embelia tsjeriam-cottam
vaivilangam,Embelia ribes
vaivinta,Cleome pentaphylla
vakkanai,Diospyros montana
vakkanathi,Diospyros montana
vakucakkirai,Amaranthus viridis
valakkarai,Randia uliginosa
valampuri,Helicteres isora
valampurikkay,Helicteres isora
vallarai,Centella asiatica
vallarai,Hydrocotyle asiatica
vallari,Enicostema littorale
vallikkoti,Ipomoea aquatica
valsura,Walsura piscida
valuluvai,Celastrus paniculatus
valutalai,Solanum melongena
vanacampakam@,Michelia nilagirica
vanakarppacam@,Hibiscus vitifolius
vandarlei,Givotia rottleriformis
vaniram,Calamus rotang
vanji,Salix tetrasperma
vanni,Prosopis cineraria
vanni,Prosopis spicigera
vapitam,Paspalum scrobiculatum
varagamothankodi,Citrullus colocynthis
varagumanjal,Bixa orellana
varaiyalmuram,Ficus virens
varakanpuntu,Boerhavia repanda
varaku,Paspalum scrobiculatum
varanam,Crateva magna
varatpulaver,Flueggea leucopyrus
varimarai,Chloroxylon swietenia
varivalli,Dioscorea oppositifolia
vasambu,Acorus calamus
vasanapulla,Cymbopogon citratus
vatamatakki,Clerodendrum phlomidis
vatanakappucceti,Gomphrena globosa
vatanarayanan,Delonix elata
vattakanni,Clerodendrum viscosum
vattakannu,Kydia calycina
vattakkanni 2,Macaranga peltata
vattapolavu,Pterospermum diversifolium
vattatirippi,Sida carpinifolia
vattattamarai#,Macaranga peltata
vattatti,Bauhinia malabarica
vayakkavalai,Tephrosia villosa
vaylee,Cleome pentaphylla
vayvilankam,Embelia ribes
vazhai,Musa paradisiaca
vazhapazhathi,Commelina nudiflora
vazhukai pul,Tonningia axillaris
vedathalam,Dichrostachys cinerea
vekkali,Anogeissus latifolia
vekurakalimaram,Diospyros oocarpa
velai,Gynandropsis gynandra
velai,Gynandropsis pentaphylla
velaikkaliyanamurukkam,Erythrina suberosa
velaippacai,Sida rhombifolia
velakkai,Woodfordia fruticosa
velari,Dodonaea viscosa
velikattan,Prosopis juliflora
veliparutti,Daemia extensa
velipparutti,Pergularia daemia
vellai 2,Mundulea sericea
vellai erukku,Calotropis procera
vellai kunkiliyam,Boswellia serrata
vellai mantarai,Bauhinia racemosa
vellaikkanni,Clerodendrum infortunatum
vellaikkatampu,Hymenodictyon orixense
vellai-kunrikam,Vateria indica
vellainaval,Syzygium hemisphericum
vellaiyumattai 1,Datura metel
vellaiyummatai,Datura fastuosa
vellakongu,Amoora rohituka
vellakundumani,Abrus pulchellus
vellallay,Mussaenda frondosa
vellalothi,Desmodium pulchellum
vellari,Cucumis sativus
vellarikkay,Cucumis sativus
vellarikkay,Cucumis melo
vellarugu,Enicostema axillare
vellaruku,Enicostema littorale
vellattippattai,Symplocos racemosa
vellerukku,Calotropis procera
velli ilai,Mussaenda frondosa
velli-kundricum,Vateria malabarica
vellilottiram,Symplocos racemosa
vellulli,Allium sativum
vellumattai,Datura stramonium
velvagai,Albizia procera
velvel,Acacia leucophloea
velvelam,Acacia leucophloea
vembu,Azadirachta indica
vempu,Azadirachta indica
vendai,Abelmoschus esculentus
vendai,Kydia calycina
vengai,Pterocarpus marsupium
vengayam,Allium cepa
venkayam,Allium cepa
venkotiveli,Plumbago zeylanica
venkundri,Abrus fruticulosus
vennangu,Pterospermum acerifolium
venpacali,Basella alba
venpuracamaram,Mundulea sericea
ventai,Abelmoschus esculentus
ventanakku@,Givotia rottleriformis
venthekku,Lagerstroemia lanceolata
veppalai,Wrightia tinctoria
veppamaram,Melia azadirachta
veppilainankai,Polygala arvensis
veppula,Securinega leucopyrus
verkkatalai,Arachis hypogaea
verrilai,Piper betle
vetci,Ixora coccinea
vetiyuppukkatti,Pithecellobium dulce
vetpalai,Wrightia tinctoria
vettilai,Piper betle
vettilaipattai,Callicarpa tomentosa
vettiver,Vetiveria zizanioides
vettukkaya puntu,Tridax procumbens
vicaranai,Drypetes roxburghii
vidathari,Abrus fruticulosus
vidi,Cordia obliqua
vila,Feronia limonia
vila,Feronia elephantum
vilamaram,Feronia elephantum
vilari,Hymenodictyon excelsum
vilattaru,Ipomoea pes-caprae
vilvam,Aegle marmelos
virali,Dodonaea viscosa
viranakkalli,Kalanchoe pinnata
viruvu,Cordia myxa
visha moongil,Crinum asiaticum
vishamungil,Crinum asiaticum
vishnukarandi,Evolvulus alsinoides
visnukiranti,Evolvulus alsinoides
vitattalai,Dichrostachys cinerea
vitupucittalai,Colebrookea oppositifolia
woodooga,Aleurites moluccana
yanai thippali,Balanophora fungosa
yanaiccuntai,Solanum ferox
yedalei,Olea dioica
yetti,Strychnos nux-vomica
